City,Country,Lat,Lng,Max Temp,Humidity,Cloudiness,Wind Speed,Current Description
Vaini,TO,-21.2,-175.2,77.0,73,20,17.27,['few clouds']
Albany,US,42.6001,-73.9662,63.0,40,99,3.0,['overcast clouds']
Cherskiy,RU,68.75,161.3,24.66,97,92,3.33,['overcast clouds']
Dikson,RU,73.5069,80.5464,15.84,97,61,11.32,['broken clouds']
Marang,MY,5.2056,103.2059,77.0,100,20,2.3,['few clouds']
Mareeba,AU,-17.0,145.4333,71.6,78,47,10.36,['scattered clouds']
Zvecka,RS,44.6389,20.1647,50.0,93,75,17.27,['moderate rain']
Rikitea,PF,-23.1203,-134.9692,78.44,79,69,13.22,['broken clouds']
Chuy,UY,-33.6971,-53.4616,53.17,72,6,6.11,['clear sky']
Asino,RU,56.9979,86.1452,41.7,68,13,7.61,['few clouds']
Moyale,KE,3.5167,39.0584,67.95,84,97,5.23,['light rain']
Calvinia,ZA,-31.4707,19.776,50.23,95,35,4.41,['scattered clouds']
Port Elizabeth,ZA,-33.918,25.5701,59.0,94,40,5.75,['light rain']
Sobolevo,RU,54.4299,31.8996,45.14,96,99,6.31,['overcast clouds']
Cuamba,MZ,-14.8031,36.5372,55.65,91,72,3.58,['broken clouds']
Broome,US,42.2506,-75.833,53.01,76,90,4.61,['overcast clouds']
Busselton,AU,-33.65,115.3333,52.0,99,96,2.55,['overcast clouds']
East London,ZA,-33.0153,27.9116,66.78,78,83,4.47,['broken clouds']
Ushuaia,AR,-54.8,-68.3,51.8,43,0,5.91,['clear sky']
Mahebourg,MU,-20.4081,57.7,73.4,83,40,5.75,['light rain']
Khatanga,RU,71.9667,102.5,31.69,99,100,6.49,['light snow']
Avarua,CK,-21.2078,-159.775,75.2,69,90,9.22,['overcast clouds']
Aleksandrov Gay,RU,50.147,48.5704,57.29,43,75,5.97,['broken clouds']
Punta Arenas,CL,-53.15,-70.9167,41.0,93,0,3.56,['clear sky']
Esperance,AU,-33.8667,121.9,53.6,100,40,6.91,['scattered clouds']
Cotonou,BJ,6.3654,2.4183,84.2,79,40,13.8,['scattered clouds']
Thompson,CA,55.7435,-97.8558,44.6,39,20,12.66,['few clouds']
Chodavaram,IN,17.8333,82.95,84.2,84,40,2.3,"['moderate rain', 'mist']"
Sioux Lookout,CA,50.1001,-91.917,50.0,40,75,9.22,['broken clouds']
Tuatapere,NZ,-46.1333,167.6833,46.0,98,100,1.99,['overcast clouds']
Mossendjo,CG,-2.9506,12.7261,69.49,98,100,2.37,['light rain']
San Cristobal,VE,7.7669,-72.225,80.6,69,40,8.05,['scattered clouds']
Tessalit,ML,20.1986,1.0114,92.89,15,23,12.28,['few clouds']
Mataura,NZ,-46.1927,168.8643,46.0,98,94,1.99,['overcast clouds']
Hithadhoo,MV,-0.6,73.0833,84.07,74,41,8.03,['scattered clouds']
Saint-Augustin,CA,51.226,-58.6502,40.82,82,100,17.85,['overcast clouds']
Butaritari,KI,3.0707,172.7902,82.96,76,54,12.3,['light rain']
Harper,LR,4.375,-7.7169,80.04,80,99,5.75,['overcast clouds']
Faanui,PF,-16.4833,-151.75,83.39,62,25,9.75,['scattered clouds']
Bluff,NZ,-46.6,168.3333,46.0,98,94,1.99,['overcast clouds']
Atuona,PF,-9.8,-139.0333,80.56,76,3,17.98,['clear sky']
Gallup,US,35.5281,-108.7426,82.4,6,1,26.46,['clear sky']
Shache,CN,38.4167,77.2406,66.56,17,100,2.17,['overcast clouds']
Ambon,ID,-3.6954,128.1814,75.2,94,40,3.44,['scattered clouds']
Dunedin,NZ,-45.8742,170.5036,53.01,90,100,8.99,['overcast clouds']
Carnarvon,AU,-24.8667,113.6333,60.8,88,0,11.5,['clear sky']
Husavik,IS,66.0449,-17.3389,32.0,64,75,9.22,['broken clouds']
Talnakh,RU,69.4865,88.3972,34.0,99,100,3.24,['overcast clouds']
Tasiilaq,GL,65.6145,-37.6368,30.2,80,90,8.05,['overcast clouds']
Toora-Khem,RU,52.4675,96.11,47.25,86,100,8.81,['overcast clouds']
Shakiso,ET,5.75,38.9167,59.68,98,100,3.36,['light rain']
Pemangkat,ID,1.1667,108.9667,75.87,87,90,3.44,['overcast clouds']
Dingle,PH,10.9995,122.6711,77.36,89,100,6.26,['light rain']
Andra,RU,62.5147,65.8878,34.16,68,7,3.8,['clear sky']
Itaituba,BR,-4.2761,-55.9836,84.2,79,40,3.44,['scattered clouds']
Korla,CN,41.7597,86.1469,69.69,13,100,2.86,['overcast clouds']
Lompoc,US,34.6391,-120.4579,62.6,55,0,17.27,['clear sky']
Castro,BR,-24.7911,-50.0119,54.37,91,95,6.96,['overcast clouds']
Bambous Virieux,MU,-20.3428,57.7575,73.4,83,40,5.75,['light rain']
Richards Bay,ZA,-28.783,32.0377,66.87,88,99,8.57,['light rain']
Pevek,RU,69.7008,170.3133,17.22,94,100,6.69,['overcast clouds']
Tiksi,RU,71.6872,128.8694,23.83,95,100,3.76,['overcast clouds']
Samana,DO,19.2056,-69.3369,84.2,70,40,11.5,['scattered clouds']
Tucumcari,US,35.1717,-103.725,78.8,27,75,8.05,['light rain']
Cayenne,GF,4.9333,-52.3333,80.01,89,75,1.14,['moderate rain']
Cape Town,ZA,-33.9258,18.4232,60.8,82,75,10.36,['broken clouds']
Kavieng,PG,-2.5744,150.7967,83.89,76,98,18.12,['light rain']
Ribeira Grande,PT,38.5167,-28.7,61.74,89,82,16.02,['broken clouds']
Tynda,RU,55.1667,124.7167,35.08,87,100,3.33,['overcast clouds']
Bandarbeyla,SO,9.4942,50.8122,83.23,74,77,3.27,['broken clouds']
Barra,BR,-11.0894,-43.1417,80.73,52,59,4.74,['broken clouds']
Teguldet,RU,57.3064,88.1667,39.49,85,36,5.68,['scattered clouds']
Tura,IN,25.5198,90.2201,69.3,91,22,2.57,['moderate rain']
Aras,ES,42.5617,-2.356,62.6,72,0,4.61,['clear sky']
Fuchu,JP,35.6667,139.4833,62.01,88,1,2.82,['clear sky']
Northam,GB,51.0333,-4.2167,46.99,78,99,11.01,['light rain']
Mayumba,GA,-3.432,10.6554,78.48,87,99,4.0,['overcast clouds']
Castro Marim,PT,37.2207,-7.4435,69.8,46,0,9.22,['clear sky']
Nidda,DE,50.4167,9.0,41.0,88,17,3.29,['few clouds']
Georgetown,MY,5.4112,100.3354,80.01,94,40,2.82,['scattered clouds']
Kanakapura,IN,12.55,77.4167,75.99,73,79,3.18,['broken clouds']
Bay Roberts,CA,47.5999,-53.2648,44.01,83,100,1.99,['overcast clouds']
Ninh Binh,VN,20.2539,105.975,75.72,94,87,2.62,['overcast clouds']
La Ronge,CA,55.1001,-105.2842,50.0,34,54,14.97,['broken clouds']
Chokurdakh,RU,70.6333,147.9167,18.45,92,100,3.11,['overcast clouds']
Port-Gentil,GA,-0.7193,8.7815,80.6,89,20,5.75,['moderate rain']
Medicine Hat,CA,50.0501,-110.6683,55.4,62,90,13.8,['overcast clouds']
Straumen,NO,63.8709,11.2999,37.0,80,20,4.61,['few clouds']
Okhotsk,RU,59.3833,143.3,35.8,63,75,2.04,['broken clouds']
Hovd,MN,48.0056,91.6419,61.25,32,100,4.85,['overcast clouds']
Hermanus,ZA,-34.4187,19.2345,57.99,96,60,1.01,['broken clouds']
Derby,GB,52.9228,-1.4766,44.6,65,0,5.75,['clear sky']
Bethel,US,41.3712,-73.414,59.0,51,1,13.8,['clear sky']
Payo,ID,-3.7508,103.6372,71.98,98,99,1.74,['overcast clouds']
Mangrol,IN,21.1167,70.1167,81.82,80,3,10.45,['clear sky']
Cibeureum,ID,-7.3552,108.2693,72.27,98,91,0.45,['overcast clouds']
Hilo,US,19.7297,-155.09,82.4,57,75,13.8,['moderate rain']
Sao Joao Da Barra,BR,-21.6403,-41.0511,77.0,78,0,16.11,['clear sky']
Port Hedland,AU,-20.3167,118.5667,71.6,78,40,6.91,['scattered clouds']
Sundumbili,ZA,-29.1337,31.3975,64.4,82,0,2.3,['light rain']
Keskin,TR,39.6731,33.6136,56.5,49,76,5.21,['broken clouds']
Bengkulu,ID,-3.8004,102.2655,76.91,84,100,4.63,['overcast clouds']
Nikolskoye,RU,59.7035,30.7861,42.01,87,0,4.47,['clear sky']
Saint-Philippe,RE,-21.3585,55.7679,71.6,64,20,10.36,['few clouds']
Alta Floresta,BR,-9.8756,-56.0861,72.72,85,63,3.65,['broken clouds']
Tolaga Bay,NZ,-38.3667,178.3,60.75,68,100,6.31,['overcast clouds']
Longyearbyen,SJ,78.2186,15.6401,21.2,68,40,8.05,['scattered clouds']
Kapaa,US,22.0752,-159.319,78.8,73,90,14.97,['light rain']
Iskateley,RU,67.6803,53.1512,32.81,87,100,13.87,['overcast clouds']
Pisco,PE,-13.7,-76.2167,68.0,83,0,20.71,['clear sky']
Norman Wells,CA,65.282,-126.8329,46.4,49,40,16.11,['scattered clouds']
Laiyang,CN,36.9758,120.7136,58.66,42,0,13.76,['clear sky']
Qui Nhon,VN,13.7667,109.2333,76.24,85,100,5.1,['overcast clouds']
Tromso,NO,69.6496,18.957,33.8,75,75,4.61,['light snow']
Kabinda,CD,-6.1333,24.4833,68.07,92,100,1.25,['overcast clouds']
Bilma,NE,18.6853,12.9164,91.6,7,0,8.05,['clear sky']
Daru,PG,-9.0763,143.2092,80.46,81,57,13.2,['broken clouds']
Port Alfred,ZA,-33.5906,26.891,64.56,85,27,8.7,['scattered clouds']
Severo-Kurilsk,RU,50.6789,156.125,39.83,83,76,10.16,['broken clouds']
Imbituba,BR,-28.24,-48.6703,64.4,63,0,9.22,['clear sky']
Laguna,US,38.421,-121.4238,81.0,26,1,11.5,['clear sky']
Galesong,ID,-5.3166,119.3661,75.2,100,20,3.44,['light rain']
Roswell,US,34.0232,-84.3616,68.0,30,1,11.5,['clear sky']
Victoria,HK,22.2855,114.1577,79.0,86,90,5.66,['overcast clouds']
Poum,NC,-20.2333,164.0167,79.05,80,100,15.48,['overcast clouds']
Coquimbo,CL,-29.9533,-71.3436,62.6,67,0,6.91,['clear sky']
Mayo,US,38.8876,-76.5119,53.6,87,90,5.75,['moderate rain']
Sorland,NO,67.667,12.6934,38.95,64,29,10.29,['scattered clouds']
Machinga,MW,-15.1685,35.3,54.97,90,29,1.43,['scattered clouds']
Menomonie,US,44.8755,-91.9193,53.01,30,75,12.66,['broken clouds']
Cidreira,BR,-30.1811,-50.2056,59.68,74,3,8.08,['clear sky']
Lethem,GY,3.3803,-59.7968,83.5,67,95,5.39,['overcast clouds']
Channel-Port Aux Basques,CA,47.5702,-59.1367,39.25,95,100,3.24,['overcast clouds']
Raton,US,36.9034,-104.4391,75.2,17,1,28.77,['clear sky']
Makinsk,KZ,52.6292,70.4169,48.11,43,23,6.53,['few clouds']
Aykhal,RU,66.0,111.5,33.69,87,100,8.14,['overcast clouds']
Ondangwa,NA,-17.9167,15.95,73.67,46,17,5.86,['few clouds']
Gigmoto,PH,13.7796,124.39,80.42,87,100,6.08,['overcast clouds']
Nanortalik,GL,60.1432,-45.2371,35.87,86,96,7.72,['overcast clouds']
Tiquisate,GT,14.2833,-91.3667,82.4,78,40,6.91,['scattered clouds']
Xingyi,CN,24.1877,102.817,55.99,85,6,2.71,['clear sky']
Ponta Do Sol,PT,32.6667,-17.1,59.0,61,63,3.0,['broken clouds']
Kodiak,US,57.79,-152.4072,41.0,81,90,18.41,['light rain']
Luanda,AO,-8.8368,13.2343,78.8,94,40,3.44,['light rain']
Deputatskiy,RU,69.3,139.9,24.75,94,100,3.2,['light snow']
Killybegs,IE,54.6333,-8.45,50.0,43,0,9.22,['clear sky']
Barrow,US,71.2906,-156.7887,15.8,79,90,10.36,['light snow']
Asfi,MA,32.2994,-9.2372,65.93,78,0,13.44,['clear sky']
Qaanaaq,GL,77.484,-69.3632,27.16,91,100,10.58,['overcast clouds']
Belmonte,BR,-15.8631,-38.8828,78.8,78,20,5.75,['few clouds']
Klaksvik,FO,62.2266,-6.589,35.6,69,20,11.5,['few clouds']
Bam,IR,29.106,58.357,76.82,31,93,6.38,['overcast clouds']
Ust-Koksa,RU,50.2696,85.6108,49.19,88,100,1.54,['overcast clouds']
Yulara,AU,-25.2406,130.9889,60.8,100,75,3.44,['broken clouds']
Ambilobe,MG,-13.2,49.05,73.31,94,82,3.33,['broken clouds']
Hobart,AU,-42.8794,147.3294,55.99,82,20,8.05,['few clouds']
Alexandria,EG,31.2156,29.9553,71.6,83,0,6.91,['clear sky']
Nara,JP,34.6851,135.8049,61.0,100,75,2.3,['broken clouds']
Koungou,YT,-12.7336,45.2042,80.6,74,0,14.97,['clear sky']
Prince Albert,CA,53.2001,-105.7677,57.2,21,75,16.11,['broken clouds']
Dandeli,IN,15.2667,74.6167,76.66,77,94,0.67,['overcast clouds']
Arraial Do Cabo,BR,-22.9661,-42.0278,73.4,78,75,10.36,['broken clouds']
Hakodate,JP,41.7758,140.7367,53.6,94,75,17.27,['broken clouds']
Cabedelo,BR,-6.9811,-34.8339,77.0,88,20,3.44,['few clouds']
Souillac,MU,-20.5167,57.5167,73.4,83,40,5.75,['light rain']
Vao,NC,-22.6667,167.4833,76.24,85,100,22.06,['overcast clouds']
Alvaraes,BR,-3.2208,-64.8042,80.6,83,20,4.61,['few clouds']
Sartell,US,45.6216,-94.2069,55.99,28,20,11.5,['few clouds']
Cabo San Lucas,MX,22.8909,-109.9124,86.0,34,1,3.44,['clear sky']
Caieiras,BR,-23.3642,-46.7406,62.6,94,90,4.61,['overcast clouds']
Namibe,AO,-15.1961,12.1522,74.03,73,19,4.83,['few clouds']
Sitka,US,57.0531,-135.33,53.6,58,40,10.36,['scattered clouds']
Upernavik,GL,72.7868,-56.1549,30.0,74,100,5.08,['overcast clouds']
Washougal,US,45.5826,-122.3534,61.0,54,75,3.44,['broken clouds']
Potosi,BO,-19.5836,-65.7531,47.43,62,60,6.98,['broken clouds']
Kiama,AU,-34.6833,150.8667,64.99,96,7,4.05,['clear sky']
Saint-Joseph,RE,-21.3667,55.6167,71.6,64,20,10.36,['few clouds']
Manaure,CO,11.7751,-72.4445,86.7,56,92,15.41,['overcast clouds']
Ixtapa,MX,20.7,-105.2,80.6,74,20,13.8,['few clouds']
San Pedro,PH,14.35,121.0167,82.0,78,20,6.22,['few clouds']
El Alto,PE,-4.2714,-81.2147,70.83,72,16,20.45,['few clouds']
Orebro,SE,59.2741,15.2066,37.4,75,20,6.91,['few clouds']
Adre,TD,13.4667,22.2,79.09,45,70,3.29,['broken clouds']
Ancud,CL,-41.8697,-73.8203,51.01,87,20,6.91,['few clouds']
New Norfolk,AU,-42.7826,147.0587,55.99,76,72,3.0,['broken clouds']
Fornosovo,RU,59.5689,30.5544,42.01,87,0,4.47,['light rain']
Fortuna,US,40.5982,-124.1573,59.0,58,40,26.46,['scattered clouds']
Meulaboh,ID,4.1363,96.1285,76.84,91,92,4.18,['overcast clouds']
Pahrump,US,36.2083,-115.9839,89.01,13,0,8.99,['clear sky']
Altay,CN,47.8667,88.1167,57.94,61,81,3.27,['broken clouds']
Gunnedah,AU,-30.9833,150.25,61.0,98,100,1.97,['overcast clouds']
Dalbandin,PK,28.8947,64.4101,80.46,23,100,1.72,['overcast clouds']
Tuktoyaktuk,CA,69.4541,-133.0374,23.0,86,90,21.85,['overcast clouds']
Marabba,SD,12.35,32.1833,83.93,50,100,10.22,['overcast clouds']
Torrington,US,41.8007,-73.1212,57.0,68,99,1.99,['overcast clouds']
Jamestown,US,42.097,-79.2353,44.01,87,90,6.91,['overcast clouds']
Palmer,US,42.1584,-72.3287,59.0,47,90,9.22,['overcast clouds']
Key Largo,US,25.0865,-80.4473,89.01,49,27,4.0,['scattered clouds']
Sambava,MG,-14.2667,50.1667,75.27,84,32,12.3,['scattered clouds']
Rorvik,NO,64.8621,11.2373,40.37,65,20,9.08,['light rain']
Pacific Grove,US,36.6177,-121.9166,62.6,51,1,11.5,['clear sky']
Slave Lake,CA,55.2834,-114.769,44.6,81,90,21.85,['overcast clouds']
Singaraja,ID,-8.112,115.0882,77.2,75,97,5.12,['overcast clouds']
Torbay,CA,47.6666,-52.7314,39.2,93,90,6.91,['overcast clouds']
Nome,US,64.5011,-165.4064,48.2,40,1,16.11,['clear sky']
Mar Del Plata,AR,-38.0023,-57.5575,55.99,76,20,4.61,['few clouds']
Ukiah,US,39.1502,-123.2078,73.4,27,1,10.36,['clear sky']
Puerto Ayora,EC,-0.7393,-90.3518,82.4,61,0,21.85,['clear sky']
Anloga,GH,5.7947,0.8973,77.0,83,75,12.66,['light rain']
Necochea,AR,-38.5473,-58.7368,53.01,84,11,3.0,['few clouds']
Lebu,CL,-37.6167,-73.65,56.26,86,100,8.46,['overcast clouds']
Tarko-Sale,RU,64.9225,77.785,30.99,92,100,9.6,['overcast clouds']
Fare,PF,-16.7,-151.0167,81.28,74,11,12.93,['light rain']
Te Anau,NZ,-45.4167,167.7167,51.33,78,98,2.06,['overcast clouds']
Pimentel,PE,-6.8367,-79.9342,69.8,68,0,23.02,['clear sky']
Katsuura,JP,35.1333,140.3,64.99,82,20,6.06,['few clouds']
Ous,RU,60.9058,61.5186,47.44,87,22,4.85,['few clouds']
Fria,GN,10.4167,-13.5833,75.87,69,66,3.69,['broken clouds']
Bac Lieu,VN,9.285,105.7244,83.16,76,100,11.65,['light rain']
Inhambane,MZ,-23.865,35.3833,68.85,69,57,7.56,['broken clouds']
Jurado,CO,7.1053,-77.7641,81.7,74,38,5.84,['scattered clouds']
Vila Velha,BR,-20.3297,-40.2925,77.0,83,40,11.5,['scattered clouds']
Chicama,PE,-7.8447,-79.1469,68.0,83,75,10.36,['broken clouds']
Mednogorsk,RU,51.4128,57.595,51.75,53,99,5.41,['overcast clouds']
Erdemli,TR,36.605,34.3084,69.82,69,4,4.45,['clear sky']
Kununurra,AU,-15.7667,128.7333,57.2,94,99,4.59,['overcast clouds']
Superior,US,46.7208,-92.1041,53.01,35,1,6.91,['clear sky']
Yellowknife,CA,62.456,-114.3525,54.0,35,75,14.97,['broken clouds']
La Asuncion,VE,11.0333,-63.8628,82.4,74,58,18.41,['broken clouds']
Ponta Delgada,PT,37.7333,-25.6667,64.4,94,75,18.41,['broken clouds']
Hauterive,FR,46.0901,3.4459,48.2,81,0,2.3,['clear sky']
Mana,GF,5.6592,-53.7767,78.49,86,70,8.37,['broken clouds']
Prince Rupert,CA,54.3161,-130.3201,46.4,76,90,12.66,['light rain']
Solano,US,38.2333,-121.9511,82.4,26,1,12.66,['clear sky']
Ilulissat,GL,69.2167,-51.1,32.0,74,90,5.75,['overcast clouds']
Myitkyina,MM,25.3833,97.4,67.96,95,85,3.09,['overcast clouds']
Sicamous,CA,50.8331,-118.9856,57.0,58,74,11.5,['broken clouds']
San Jose,US,37.3394,-121.895,75.0,40,20,10.36,['few clouds']
Kharela,IN,25.55,79.8167,83.19,47,21,10.04,['few clouds']
Mporokoso,ZM,-9.3727,30.125,58.41,84,74,6.58,['broken clouds']
Viedma,AR,-40.8135,-62.9967,54.21,45,7,10.83,['clear sky']
Sao Geraldo Do Araguaia,BR,-6.4006,-48.555,75.2,93,84,1.68,['broken clouds']
Gizo,SB,-8.103,156.8419,83.82,74,100,6.76,['overcast clouds']
Kaspiyskiy,RU,45.3929,47.3707,57.78,67,25,10.04,['scattered clouds']
Constitucion,CL,-35.3333,-72.4167,58.66,86,100,10.51,['overcast clouds']
Orange Cove,US,36.6244,-119.3137,80.6,22,1,11.5,['clear sky']
Bredasdorp,ZA,-34.5322,20.0403,59.0,94,91,9.22,['overcast clouds']
Arawa,PG,-6.2132,155.5367,81.99,80,91,4.47,['light rain']
Ereymentau,KZ,51.6199,73.1033,49.73,45,53,4.18,['broken clouds']
Terrace,CA,54.5163,-128.6035,48.2,66,90,26.46,['light rain']
Clyde River,CA,70.4692,-68.5914,28.4,93,90,13.8,['overcast clouds']
Elizabeth City,US,36.2946,-76.2511,60.8,59,75,19.57,['broken clouds']
Kinango,KE,-4.1372,39.3153,78.8,78,20,6.91,['few clouds']
Dhone,IN,15.4167,77.8833,81.48,66,57,12.37,['broken clouds']
Fairbanks,US,64.8378,-147.7164,55.4,47,90,4.74,['overcast clouds']
Boguchany,RU,58.3814,97.4531,41.59,94,100,3.98,['overcast clouds']
Mount Gambier,AU,-37.8333,140.7667,51.8,100,74,8.05,['broken clouds']
Lakes Entrance,AU,-37.8811,147.981,55.99,98,100,5.17,['overcast clouds']
Yagodnoye,RU,62.55,149.6667,28.74,80,90,2.71,['overcast clouds']
Saint-Anselme,CA,46.6292,-70.9734,57.2,28,9,5.75,['clear sky']
Ottawa,CA,45.4112,-75.6981,54.0,58,90,8.05,['overcast clouds']
Buala,SB,-8.145,159.5921,83.93,78,100,10.56,['overcast clouds']
Evanston,US,42.0411,-87.6901,53.01,50,75,12.66,['broken clouds']
Maroantsetra,MG,-15.4333,49.7333,74.68,85,82,3.98,['light rain']
San Isidro,PE,-12.1167,-77.05,68.0,77,40,11.5,['scattered clouds']
Tautira,PF,-17.7333,-149.15,87.01,66,75,16.11,['broken clouds']
Henties Bay,NA,-22.116,14.2845,57.99,89,0,1.99,['clear sky']
Sakakah,SA,29.9697,40.2064,73.4,12,0,4.61,['clear sky']
Ritchie,ZA,-29.038,24.6028,51.8,76,0,5.75,['clear sky']
Gat,IL,31.61,34.7642,69.01,68,0,1.05,['clear sky']
Prieska,ZA,-29.6641,22.7474,56.88,48,0,7.49,['clear sky']
Provideniya,RU,64.3833,-173.3,39.13,53,7,1.83,['clear sky']
Vanavara,RU,60.34,102.2797,33.67,85,57,8.57,['broken clouds']
Kokuy,RU,52.2037,117.5529,39.83,69,40,3.02,['scattered clouds']
Beloha,MG,-25.1667,45.05,61.23,83,4,6.44,['clear sky']
Hami,CN,42.8,93.45,71.91,9,90,8.93,['overcast clouds']
Opuwo,NA,-18.0607,13.84,68.45,64,27,2.86,['scattered clouds']
Rawson,AR,-43.3002,-65.1023,58.32,62,8,23.33,['clear sky']
Kaeo,NZ,-35.1,173.7833,64.99,88,100,11.01,['light rain']
Kyaikto,MM,17.3,97.0167,83.21,60,90,2.39,['overcast clouds']
Vila Franca Do Campo,PT,37.7167,-25.4333,64.4,94,75,18.41,['broken clouds']
Bolivar,US,37.6145,-93.4105,66.0,48,69,6.06,['broken clouds']
Nemuro,JP,43.3236,145.575,44.1,98,100,7.11,['overcast clouds']
Golden,US,39.7555,-105.2211,82.4,13,75,5.75,['broken clouds']
Bolshaya Sosnova,RU,57.6713,54.6029,52.59,75,99,7.16,['overcast clouds']
Port Hardy,CA,50.6996,-127.4199,50.0,66,75,10.36,['light rain']
Phalodi,IN,27.1333,72.3667,86.97,26,41,7.85,['scattered clouds']
Chumikan,RU,54.7183,135.315,32.02,97,100,14.23,['snow']
Gryazi,RU,52.4966,39.9359,45.16,82,68,7.83,['broken clouds']
Mantua,IT,45.1667,10.7833,60.8,59,0,14.97,['clear sky']
Tezu,IN,27.9167,96.1667,68.14,93,99,3.78,['overcast clouds']
Excelsior Springs,US,39.3392,-94.2261,69.8,28,40,10.16,['scattered clouds']
Lorengau,PG,-2.0226,147.2712,81.77,81,100,7.76,['overcast clouds']
Oxford,GB,51.7522,-1.256,46.4,53,0,1.14,['clear sky']
Santa Maria,BR,-29.6842,-53.8069,57.2,72,0,1.97,['clear sky']
Inowroclaw,PL,52.7989,18.2639,39.99,87,40,11.5,['scattered clouds']
Kidal,ML,18.4411,1.4078,91.49,7,34,3.31,['scattered clouds']
Oranjestad,AW,12.524,-70.027,84.2,65,20,21.85,['few clouds']
Cabinda,AO,-5.55,12.2,78.4,89,77,5.55,['broken clouds']
Bogande,BF,12.9714,-0.1436,93.38,27,99,9.73,['overcast clouds']
Masuda,JP,34.6667,131.85,62.6,82,75,6.93,['broken clouds']
Hvittingfoss,NO,59.4833,10.0167,39.0,1,68,2.89,['broken clouds']
Maldonado,UY,-34.6667,-54.9167,57.2,72,75,2.3,['broken clouds']
Corinto,GR,37.9407,22.9573,69.01,63,98,3.33,['overcast clouds']
Zambezi,ZM,-13.5432,23.1047,64.44,65,8,5.21,['clear sky']
Rosetown,CA,51.5501,-108.0014,62.6,14,100,21.85,['overcast clouds']
Villefranche-De-Rouergue,FR,44.3333,2.0,55.0,93,0,4.61,['clear sky']
Kaohsiung,TW,22.6163,120.3133,81.0,83,75,8.05,['broken clouds']
Vestmannaeyjar,IS,63.4427,-20.2734,37.4,81,40,17.27,['scattered clouds']
Airai,TL,-8.9266,125.4092,59.41,94,99,2.57,['overcast clouds']
Anadyr,RU,64.75,177.4833,15.8,86,20,6.71,['fog']
Bathsheba,BB,13.2167,-59.5167,80.6,57,20,19.57,['few clouds']
Luderitz,NA,-26.6481,15.1594,61.93,71,0,16.78,['clear sky']
Palmas,BR,-10.2128,-48.3603,82.4,74,40,1.54,['scattered clouds']
Ust-Kuyga,RU,70.0167,135.6,31.37,89,100,2.59,['overcast clouds']
Goundam,ML,16.4145,-3.6708,91.31,15,17,9.22,['few clouds']
Lazaro Cardenas,MX,17.9583,-102.2,85.71,58,79,11.25,['broken clouds']
Aloleng,PH,16.1307,119.7824,81.82,73,78,5.28,['broken clouds']
Kahului,US,20.8947,-156.47,84.2,48,40,21.85,['light rain']
Brae,GB,60.3964,-1.353,39.2,87,40,2.3,['scattered clouds']
Mount Isa,AU,-20.7333,139.5,62.6,48,98,9.01,['overcast clouds']
Qesarya,IL,32.5189,34.9046,68.0,68,0,2.3,['clear sky']
Luena,AO,-11.7833,19.9167,68.52,60,100,3.51,['overcast clouds']
Portland,US,45.5234,-122.6762,61.0,41,75,12.66,['broken clouds']
Shenjiamen,CN,29.9576,122.298,64.94,90,100,13.53,['heavy intensity rain']
Baykit,RU,61.67,96.37,36.05,99,100,3.78,['snow']
Charters Towers,AU,-20.1,146.2667,64.49,51,88,5.61,['overcast clouds']
Qasigiannguit,GL,68.8193,-51.1922,32.0,74,90,5.75,['overcast clouds']
Nhulunbuy,AU,-12.2333,136.7667,77.0,73,8,4.61,['clear sky']
Buraydah,SA,26.326,43.975,82.4,28,0,9.22,['clear sky']
Aklavik,CA,68.2191,-135.0107,26.6,74,90,12.66,['light snow']
Bonga,ET,7.2833,36.2333,61.93,99,100,0.74,['heavy intensity rain']
Aswan,EG,24.0934,32.907,91.17,12,2,7.65,['clear sky']
Burgeo,CA,47.6167,-57.6152,41.07,91,100,13.06,['overcast clouds']
Salisbury,GB,51.0693,-1.7957,46.4,61,90,6.91,['overcast clouds']
Taoudenni,ML,22.6783,-3.9836,92.8,13,0,7.54,['clear sky']
Turinsk,RU,58.0458,63.696,55.65,61,89,3.56,['overcast clouds']
Marawi,PH,7.9986,124.2928,77.0,86,79,1.74,['broken clouds']
Fallon,US,39.4735,-118.7774,78.8,11,20,10.36,['few clouds']
Ramhormoz,IR,31.28,49.6035,81.09,23,0,4.03,['clear sky']
Maues,BR,-3.3836,-57.7186,80.31,77,100,0.65,['overcast clouds']
Lichinga,MZ,-13.3128,35.2406,50.38,88,90,6.06,['overcast clouds']
Mango,US,27.9797,-82.3065,82.99,32,1,13.8,['clear sky']
Vardo,NO,70.3705,31.1107,33.8,93,75,25.32,['light snow']
Saldanha,ZA,-33.0117,17.9442,57.2,88,4,3.44,['clear sky']
Solone,UA,48.2081,34.8721,57.2,62,0,6.71,['clear sky']
Sibu,MY,2.3,111.8167,77.0,94,40,3.44,['scattered clouds']
Ebolowa,CM,2.9,11.15,67.15,99,68,2.37,['broken clouds']
Asau,RO,46.4333,26.4,55.99,49,77,4.99,['light rain']
Port Augusta,AU,-32.5,137.7667,55.4,67,90,3.44,['overcast clouds']
Targusor,RO,44.45,28.4167,57.2,94,0,8.05,['clear sky']
Ahipara,NZ,-35.1667,173.1667,64.09,81,100,12.53,['overcast clouds']
Papara,BR,-3.9839,-38.7273,82.0,78,20,3.44,['few clouds']
Baruun-Urt,MN,46.6806,113.2792,36.86,67,7,12.19,['clear sky']
Raymond,US,43.9015,-70.4703,57.99,41,81,1.01,['broken clouds']
Fandriana,MG,-20.2333,47.3833,57.54,97,95,2.82,['overcast clouds']
Kiruna,SE,67.8557,20.2251,26.6,93,90,9.22,['light snow']
Saskylakh,RU,71.9167,114.0833,26.78,91,100,13.49,['overcast clouds']
Camana,PE,-16.6228,-72.7111,67.78,82,21,6.51,['few clouds']
Srednekolymsk,RU,67.45,153.6833,25.97,92,99,4.54,['overcast clouds']
Saint-Leu,RE,-21.15,55.2833,71.6,64,20,10.36,['few clouds']
Iwanai,JP,42.9744,140.5089,51.85,92,100,5.57,['overcast clouds']
Kajaani,FI,64.2273,27.7285,32.0,80,90,5.75,['overcast clouds']
Baherden,TM,38.4362,57.4316,71.55,63,72,6.04,['broken clouds']
Lermontovka,RU,47.1453,134.3383,46.81,89,100,1.43,['overcast clouds']
Ayagoz,KZ,47.9714,80.4392,52.09,63,98,12.59,['overcast clouds']
Porto Novo,BJ,6.4965,2.6036,84.2,79,40,13.8,['scattered clouds']
Waddan,LY,29.1614,16.139,73.27,53,21,17.87,['few clouds']
Maun,BW,-19.9833,23.4167,68.0,49,0,5.75,['clear sky']
Topliceni,RO,45.4167,27.0,60.37,65,100,4.63,['overcast clouds']
Ballsh,AL,40.5989,19.7347,59.52,70,31,1.97,['scattered clouds']
Moyobamba,PE,-6.05,-76.9667,73.33,87,46,2.53,['scattered clouds']
Comodoro Rivadavia,AR,-45.8667,-67.5,59.0,58,0,5.75,['clear sky']
Bushehr,IR,28.9684,50.8385,84.2,42,0,13.8,['clear sky']
Grand Haven,US,43.0631,-86.2284,48.99,61,40,13.8,['scattered clouds']
Santa Fe,AR,-31.6333,-60.7,60.01,52,100,5.41,['overcast clouds']
Puerto Narino,CO,-3.7703,-70.3831,78.8,94,75,4.61,['moderate rain']
Byron Bay,AU,-28.65,153.6167,66.99,94,76,4.61,['broken clouds']
Ugoofaaru,MV,5.6667,73.0,84.92,70,36,4.97,['scattered clouds']
Muros,ES,42.7762,-9.0603,57.99,89,5,6.89,['clear sky']
Saint Marys,US,30.7305,-81.5465,79.0,19,1,18.41,['clear sky']
Mnogovershinnyy,RU,53.9353,139.9242,29.79,86,97,4.68,['overcast clouds']
Pujili,EC,-0.95,-78.6833,68.0,59,75,11.5,['light rain']
Salalah,OM,17.0151,54.0924,84.2,79,40,5.75,['scattered clouds']
Port Macquarie,AU,-31.4333,152.9167,63.0,99,30,1.99,['scattered clouds']
Adrar,MR,20.5022,-10.0711,88.03,10,3,6.06,['clear sky']
Margate,GB,51.3813,1.3862,46.0,63,99,1.01,['overcast clouds']
Goderich,CA,43.7501,-81.7165,51.8,46,96,8.05,['overcast clouds']
Staraya Kulatka,RU,52.7167,47.6167,51.78,86,100,3.87,['overcast clouds']
La Orilla,MX,17.9833,-102.2333,85.78,56,79,11.3,['broken clouds']
Muli,MV,2.9167,73.5667,84.76,72,97,6.2,['overcast clouds']
Xai-Xai,MZ,-25.0519,33.6442,64.04,85,1,3.78,['clear sky']
Seoul,KR,37.5683,126.9778,48.2,87,1,8.05,"['dust', 'mist']"
Kanniyakumari,IN,8.0833,77.5667,82.71,76,100,5.12,['overcast clouds']
Lavrentiya,RU,65.5833,-171.0,31.28,84,23,3.89,['few clouds']
Innisfail,AU,-17.5333,146.0333,67.69,80,54,3.27,['broken clouds']
Pathein,MM,16.7833,94.7333,83.84,68,98,6.69,['overcast clouds']
Vilhena,BR,-12.7406,-60.1458,75.2,60,0,6.91,['clear sky']
Yumen,CN,40.2833,97.2,60.03,6,5,2.33,['clear sky']
Phek,IN,25.6667,94.5,50.9,97,55,1.54,['broken clouds']
Pangnirtung,CA,66.1451,-65.7125,39.2,75,90,2.48,['overcast clouds']
Mackay,AU,-21.15,149.2,64.0,94,88,4.61,['overcast clouds']
Caravelas,BR,-17.7125,-39.2481,75.11,87,29,5.77,['scattered clouds']
Surgut,RU,61.25,73.4167,37.4,70,0,13.42,['clear sky']
Calabozo,VE,8.9242,-67.4293,83.14,66,98,3.4,['overcast clouds']
Indramayu,ID,-6.3264,108.32,79.39,81,99,3.78,['overcast clouds']
Stornoway,GB,58.2093,-6.3865,39.2,81,26,8.05,['scattered clouds']
Kruisfontein,ZA,-34.0033,24.7314,57.0,89,72,1.99,['light rain']
Hailar,CN,49.2,119.7,40.46,83,100,10.87,['overcast clouds']
Tarnogskiy Gorodok,RU,60.4997,43.5761,37.78,89,17,5.57,['few clouds']
Puerto Suarez,BO,-18.95,-57.8,64.4,82,90,5.75,['overcast clouds']
Shimoda,JP,34.6667,138.95,66.0,79,87,1.99,['overcast clouds']
Luba,GQ,3.4568,8.5547,77.0,88,40,2.3,['light rain']
Kysyl-Syr,RU,63.8986,122.7617,34.86,81,85,4.99,['overcast clouds']
Leningradskiy,RU,69.3833,178.4167,19.71,91,85,6.44,['overcast clouds']
Bassano,CA,50.7834,-112.4685,50.0,81,100,11.5,['overcast clouds']
Kijang,KR,35.2442,129.2139,48.2,66,0,5.75,['clear sky']
Carutapera,BR,-1.195,-46.02,77.18,88,46,6.33,['scattered clouds']
Tombouctou,ML,20.0,-3.0,90.66,10,0,9.13,['clear sky']
Khiri Mat,TH,16.8333,99.8,84.99,99,95,2.1,['overcast clouds']
Dorado,PR,18.4588,-66.2677,80.6,74,40,17.27,['scattered clouds']
Santa Isabel,BR,-23.3156,-46.2214,62.6,94,90,4.61,['overcast clouds']
Rincon,US,32.296,-81.2354,77.0,25,1,14.97,['clear sky']
Manta,EC,-0.95,-80.7333,78.8,78,75,10.36,['broken clouds']
Jaypur,IN,18.85,82.5833,76.73,65,99,0.56,['light rain']
Melfort,CA,52.8667,-104.6177,57.2,19,70,9.22,['broken clouds']
Mapiripan,CO,2.8892,-72.1256,79.11,88,85,2.71,['overcast clouds']
Hambantota,LK,6.1241,81.1185,77.0,100,85,2.3,['overcast clouds']
Wangkui,CN,46.8333,126.5,45.55,89,100,8.88,['light rain']
Devils Lake,US,48.1128,-98.8651,54.0,32,1,12.66,['clear sky']
Alofi,NU,-19.0595,-169.9187,78.8,83,98,24.16,['light rain']
Birao,CF,10.2849,22.7882,78.01,70,89,6.8,['overcast clouds']
Am Timan,TD,11.0297,20.2827,78.04,67,100,10.13,['overcast clouds']
Saint Michael,US,45.21,-93.665,57.99,26,75,9.44,['broken clouds']
Prachuap Khiri Khan,TH,12.2167,99.75,73.17,84,100,2.48,['light rain']
Guerrero Negro,MX,27.9769,-114.0611,68.09,56,4,16.62,['clear sky']
Lundazi,ZM,-12.2929,33.1782,55.27,74,42,6.38,['scattered clouds']
Udachnyy,RU,66.4167,112.4,33.85,84,100,6.85,['overcast clouds']
Saint-Paul,RE,-21.0096,55.2707,71.6,78,0,11.5,['clear sky']
Caninde,BR,-4.3589,-39.3117,73.56,92,25,1.81,['scattered clouds']
Coihaique,CL,-45.5752,-72.0662,39.2,87,0,3.44,['clear sky']
Centralia,US,46.7162,-122.9543,57.99,58,75,10.36,['broken clouds']
San Patricio,US,28.017,-97.5169,84.2,54,1,17.27,['clear sky']
Dong Xoai,VN,11.5333,106.9167,76.28,87,100,2.68,['overcast clouds']
Olafsvik,IS,64.8945,-23.7142,35.01,62,19,18.19,['few clouds']
Alice Springs,AU,-23.7,133.8833,60.8,39,40,4.61,['scattered clouds']
Yuzawa,JP,39.1667,140.5,57.2,88,75,9.22,['broken clouds']
Solnechnyy,RU,50.7214,136.6319,30.65,85,100,10.6,['snow']
Dwarka,IN,22.2394,68.9678,82.81,77,16,15.64,['few clouds']
Caucaia,BR,-3.7361,-38.6531,82.0,78,20,3.44,['few clouds']
Ballina,AU,-28.8667,153.5667,66.99,94,61,4.61,['broken clouds']
Englehart,CA,47.8169,-79.8664,50.0,57,90,12.66,['overcast clouds']
Huitziltepec,MX,17.8167,-99.4667,97.0,17,25,1.01,['scattered clouds']
Nyandoma,RU,61.669,40.1991,35.19,96,27,4.16,['scattered clouds']
Prainha,BR,-1.8,-53.48,77.7,87,99,3.06,['overcast clouds']
Mezen,RU,65.8522,44.24,37.9,93,100,3.11,['overcast clouds']
Roma,US,43.2128,-75.4557,57.2,44,90,11.5,['overcast clouds']
Gulf Gate Estates,US,27.2517,-82.5147,82.99,34,1,12.66,['clear sky']
Kavaratti,IN,10.5669,72.642,84.85,71,97,1.23,['overcast clouds']
Esil,KZ,51.9556,66.4042,54.43,38,76,6.35,['broken clouds']
Eureka,US,40.8021,-124.1637,59.0,58,40,19.57,['scattered clouds']
Kailua,US,21.4022,-157.7394,84.2,73,40,11.5,['light rain']
Sinnamary,GF,5.3833,-52.95,79.18,85,42,10.04,['scattered clouds']
Port Blair,IN,11.6667,92.75,82.53,74,100,6.2,['heavy intensity rain']
Yangambi,CD,0.8102,24.4336,69.28,95,84,0.43,['broken clouds']
Killarney,IE,52.05,-9.5167,43.29,94,100,17.87,['heavy intensity rain']
Sao Filipe,CV,14.8961,-24.4956,72.28,80,100,12.24,['overcast clouds']
Trincomalee,LK,8.5711,81.2335,82.83,73,80,5.12,['broken clouds']
Ligayan,PH,4.6533,119.4706,81.46,77,100,3.74,['overcast clouds']
Machaneng,BW,-23.1862,27.4886,63.68,53,1,8.21,['clear sky']
Encantado,BR,-29.2361,-51.8697,55.0,89,0,1.25,['clear sky']
Ostrovnoy,RU,68.0531,39.5131,32.11,84,8,11.65,['clear sky']
Darab,IR,28.7519,54.5444,70.95,49,16,1.61,['few clouds']
Krasnoselkup,RU,65.7,82.4667,28.51,93,32,6.64,['scattered clouds']
Kaitangata,NZ,-46.2817,169.8464,51.13,69,94,2.13,['overcast clouds']
Ust-Maya,RU,60.4167,134.5333,41.38,74,100,1.23,['overcast clouds']
Imeni Poliny Osipenko,RU,52.4201,136.4853,34.7,67,100,16.42,['overcast clouds']
Moen,NO,69.1304,18.6123,32.0,86,90,3.44,['light snow']
Beringovskiy,RU,63.05,179.3167,30.54,88,97,8.16,['overcast clouds']
Bosaso,SO,11.2842,49.1816,85.66,67,68,1.3,['broken clouds']
Witu,KE,-2.3889,40.4382,78.58,81,99,14.45,['overcast clouds']
Grindavik,IS,63.8424,-22.4338,37.4,87,75,11.5,['broken clouds']
Los Llanos De Aridane,ES,28.6585,-17.9182,68.0,68,75,9.22,['broken clouds']
Faya,SA,18.3851,42.4509,69.8,32,40,3.44,['scattered clouds']
Hasaki,JP,35.7333,140.8333,60.01,100,20,3.44,['few clouds']
Paamiut,GL,61.994,-49.6678,33.98,90,12,11.45,['few clouds']
Majene,ID,-3.5403,118.9707,76.73,86,100,5.41,['moderate rain']
Alhama De Murcia,ES,37.851,-1.4251,70.0,52,1,3.0,['clear sky']
Aksarka,RU,66.5606,67.7975,24.46,90,97,8.37,['overcast clouds']
Ossora,RU,59.2353,163.0719,31.96,91,100,4.68,['overcast clouds']
Peniche,PT,39.3558,-9.3811,60.01,86,100,6.22,['overcast clouds']
Hirara,JP,24.8,125.2833,77.0,94,75,10.36,['broken clouds']
Langreo,ES,43.2957,-5.6842,59.0,72,20,3.44,['few clouds']
Ilave,PE,-16.0833,-69.6667,46.31,74,98,3.11,['light rain']
Ihosy,MG,-22.4,46.1167,59.85,90,70,7.9,['broken clouds']
Itapuranga,BR,-15.5622,-49.9486,70.95,62,3,2.17,['clear sky']
Marsa Matruh,EG,31.3525,27.2453,73.4,64,0,12.66,['clear sky']
Puerto Colombia,CO,10.9878,-74.9547,84.2,74,40,8.05,['scattered clouds']
Kamiiso,JP,41.8167,140.65,53.6,94,75,17.27,['broken clouds']
Mitsamiouli,KM,-11.3847,43.2844,79.68,73,76,17.38,['broken clouds']
Zanjan,IR,36.6736,48.4787,51.62,81,29,2.24,['scattered clouds']
Turukhansk,RU,65.8167,87.9833,33.58,87,99,6.04,['overcast clouds']
Yuanping,CN,38.7153,112.7575,57.69,19,14,0.76,['few clouds']
Lagoa,PT,39.05,-27.9833,60.71,85,80,16.96,['broken clouds']
Tiarei,PF,-17.5333,-149.3333,87.01,66,75,16.11,['broken clouds']
Kabanjahe,ID,3.1001,98.4908,78.8,94,40,2.3,['mist']
Mbandaka,CD,0.0487,18.2603,71.74,97,95,5.59,['light rain']
Geraldton,AU,-28.7667,114.6,57.2,82,0,10.36,['clear sky']
Portadown,GB,54.4241,-6.4412,42.8,75,0,6.91,['clear sky']
Karasburg,NA,-28.0167,18.75,54.97,62,0,8.52,['clear sky']
Almaznyy,RU,48.0448,40.045,51.8,82,0,7.14,['clear sky']
Tabou,CI,4.423,-7.3528,79.84,80,100,5.46,['overcast clouds']
Codrington,AU,-38.2667,141.9667,55.29,93,93,8.57,['overcast clouds']
Halifax,CA,44.6453,-63.5724,57.2,41,49,5.75,['scattered clouds']
Biak,ID,-0.9131,122.8766,76.35,85,100,3.22,['overcast clouds']
Mayor Pablo Lagerenza,PY,-19.9309,-60.7718,61.86,59,83,4.61,['broken clouds']
Clarence Town,AU,-32.5833,151.7833,64.0,100,11,8.05,['few clouds']
Praia,CV,14.9215,-23.5087,71.6,78,20,14.97,['few clouds']
Birsk,RU,55.4211,55.5428,52.92,66,100,4.0,['overcast clouds']
Sokoni,TZ,-6.4333,39.55,79.7,70,99,18.25,['overcast clouds']
Mokhsogollokh,RU,61.4681,128.9203,39.78,79,64,2.89,['broken clouds']
San Quintin,MX,30.4833,-115.95,63.7,67,11,15.55,['few clouds']
Sungaipenuh,ID,-2.0833,101.3833,64.56,96,91,2.93,['overcast clouds']
Taltal,CL,-25.4,-70.4833,63.82,77,68,5.28,['broken clouds']
Taksimo,RU,56.3444,114.8794,38.55,73,99,4.14,['overcast clouds']
Xinyu,CN,27.8043,114.9334,67.3,95,100,2.77,['moderate rain']
Krasnoyarskiy,RU,51.965,59.8967,53.62,56,100,6.31,['overcast clouds']
Yeppoon,AU,-23.1333,150.7333,64.4,77,0,2.86,['clear sky']
Vokhtoga,RU,58.8147,41.0461,38.66,85,4,5.35,['clear sky']
Toyooka,JP,35.5333,134.8333,62.6,67,20,8.05,['few clouds']
Belen,TR,36.4891,36.2233,68.0,83,0,14.97,['clear sky']
Padang,ID,-0.9492,100.3543,77.18,88,95,4.16,['overcast clouds']
High Rock,BS,26.6208,-78.2833,80.6,61,75,11.5,['broken clouds']
Moron,AR,-34.6534,-58.6198,59.0,57,3,4.52,['clear sky']
Dicabisagan,PH,17.0818,122.4157,79.09,87,49,1.41,['scattered clouds']
Dubrovka,RU,53.6907,33.5071,50.0,71,100,8.95,['overcast clouds']
Haines Junction,CA,60.7522,-137.5108,57.2,44,99,9.22,['overcast clouds']
Borovoy,RU,55.4333,86.0833,46.4,53,0,8.95,['clear sky']
Denpasar,ID,-8.65,115.2167,77.0,88,20,6.91,['few clouds']
Kaduy,RU,59.2,37.15,38.46,89,49,5.01,['scattered clouds']
Abu Dhabi,AE,24.4667,54.3667,82.4,78,0,5.75,['clear sky']
Sembe,CG,1.6481,14.5806,69.06,98,96,1.9,['overcast clouds']
Mazamari,PE,-11.3258,-74.5308,72.18,91,89,0.47,['overcast clouds']
Alamosa,US,37.4695,-105.87,69.8,23,20,26.46,['few clouds']
Urziceni,RO,44.7167,26.6333,66.99,77,0,5.97,['clear sky']
Sol-Iletsk,RU,51.1631,54.9918,54.54,58,97,6.67,['overcast clouds']
Sosnovo-Ozerskoye,RU,52.5249,111.5418,32.32,78,40,3.2,['scattered clouds']
Ratlam,IN,23.3167,75.0667,85.21,24,10,6.2,['clear sky']
Svetlogorsk,BY,52.6333,29.7333,44.73,97,93,6.42,['overcast clouds']
Acapulco,MX,16.8634,-99.8901,86.0,74,40,9.22,['scattered clouds']
Brasilia,BR,-15.7797,-47.9297,75.2,64,75,9.22,['broken clouds']
Lagos,NG,6.5833,3.75,80.6,89,20,2.3,['light rain']
Naze,JP,28.3667,129.4833,69.8,100,75,1.14,['light rain']
Hastings,GB,50.8552,0.5729,46.0,70,100,1.99,['overcast clouds']
Samut Songkhram,TH,13.4,99.9583,75.99,84,89,2.77,['overcast clouds']
La Reforma,MX,25.0833,-108.05,93.0,36,47,5.99,['scattered clouds']
Huehuetenango,GT,15.3197,-91.4708,71.6,60,40,6.91,['scattered clouds']
Naryan-Mar,RU,67.6713,53.087,32.99,86,100,13.87,['overcast clouds']
Santiago De Cao,PE,-7.9589,-79.2392,68.0,83,75,10.36,['broken clouds']
Ngunguru,NZ,-35.6167,174.5,64.0,89,100,8.99,['moderate rain']
Onega,RU,63.9061,38.1404,38.66,77,100,3.49,['overcast clouds']
Xuddur,SO,4.1213,43.8894,74.71,81,100,6.24,['overcast clouds']
Mucurapo,TT,10.6667,-61.5333,78.01,88,75,3.44,['broken clouds']
Rudnyy,KZ,52.9594,63.1206,53.67,36,59,3.8,['broken clouds']
Brewster,US,41.3973,-73.6171,59.0,51,1,13.8,['clear sky']
Pochutla,MX,15.7432,-96.4661,95.0,43,20,9.22,['few clouds']
Rebrikha,RU,53.0733,82.3408,46.24,56,46,5.73,['scattered clouds']
Sulangan,PH,11.1373,123.7228,82.18,78,100,9.51,['overcast clouds']
Takoradi,GH,4.8845,-1.7554,79.16,88,98,9.22,['moderate rain']
Puerto Rondon,CO,6.2805,-71.1,78.28,87,78,5.39,['broken clouds']
Birobidzhan,RU,48.8,132.95,39.04,96,100,7.29,['overcast clouds']
Morondava,MG,-20.2833,44.2833,71.38,77,3,7.74,['clear sky']
Bereda,ES,43.2686,-7.5406,48.99,93,67,3.0,['broken clouds']
Nuevo Casas Grandes,MX,30.4167,-107.9167,93.99,5,11,24.0,['few clouds']
Liku,ID,-0.7275,119.8922,73.67,93,100,1.54,['light rain']
Ranfurly,NZ,-45.1333,170.1,52.41,55,100,3.91,['overcast clouds']
West Bay,KY,19.3667,-81.4167,84.99,79,75,5.75,['broken clouds']
Santa Cruz,BO,-17.8,-63.1667,66.2,42,75,10.36,['broken clouds']
Benavente,ES,42.0025,-5.6783,51.8,76,0,3.44,['clear sky']
Kosa,RU,59.9445,54.9977,50.29,82,100,7.23,['overcast clouds']
Sterling,US,39.0062,-77.4286,54.0,82,90,9.22,['overcast clouds']
Beya,RU,53.0533,90.9139,48.25,86,100,8.68,['overcast clouds']
Yarovoye,RU,52.9273,78.58,50.92,48,43,5.88,['scattered clouds']
Noumea,NC,-22.2763,166.4572,80.6,57,0,8.05,['clear sky']
Hay River,CA,60.8156,-115.7999,60.8,25,100,17.27,['overcast clouds']
Pasni,PK,25.2631,63.471,82.72,78,97,10.42,['overcast clouds']
Karratha,AU,-20.7377,116.8463,76.06,62,29,8.81,['scattered clouds']
Chenzhou,CN,25.8,113.0333,71.13,99,100,1.63,['light rain']
Farias Brito,BR,-6.9306,-39.5656,80.6,74,20,4.61,['few clouds']
Takaka,NZ,-40.85,172.8,60.01,79,100,4.0,['overcast clouds']
Ucluelet,CA,48.9329,-125.5528,51.8,62,20,17.27,['few clouds']
Sistranda,NO,63.7256,8.834,37.4,87,40,11.5,['scattered clouds']
Astorga,BR,-23.2325,-51.6656,71.6,53,20,5.75,['few clouds']
Yaan,NG,7.3833,8.5667,77.22,79,37,4.0,['scattered clouds']
Saint George,US,37.1041,-113.5841,90.0,8,1,21.85,['clear sky']
Santiago,CL,-33.4569,-70.6483,66.99,55,75,3.44,['broken clouds']
Balabac,PH,7.9868,117.0645,80.71,78,100,5.19,['overcast clouds']
Zhigansk,RU,66.7697,123.3711,32.92,86,100,5.5,['overcast clouds']
Varnamo,SE,57.186,14.04,35.01,94,82,3.98,['broken clouds']
Severo-Yeniseyskiy,RU,60.3725,93.0408,30.2,98,97,3.83,['overcast clouds']
Katobu,ID,-4.9408,122.5276,73.08,95,99,1.45,['overcast clouds']
Soure,BR,-0.7167,-48.5233,80.13,80,9,8.21,['clear sky']
Zhanakorgan,KZ,43.9098,67.2495,70.18,37,14,3.29,['few clouds']
Pilar,BR,-9.5972,-35.9567,78.8,83,20,3.44,['few clouds']
Huejuquilla El Alto,MX,22.6,-103.8667,86.47,18,40,3.69,['scattered clouds']
Neyshabur,IR,36.2133,58.7958,66.72,56,87,3.44,['overcast clouds']
Sola,VU,-13.8833,167.55,84.2,79,75,6.91,['broken clouds']
Maceio,BR,-9.6658,-35.7353,78.8,83,20,3.44,['few clouds']
Honavar,IN,14.2833,74.45,80.64,83,100,2.57,['overcast clouds']
Nouakchott,MR,18.0858,-15.9785,69.8,78,0,16.11,['clear sky']
Krabi,TH,8.0726,98.9105,82.99,100,20,4.61,['mist']
Parit Buntar,MY,5.1267,100.4932,78.8,94,40,3.44,['scattered clouds']
Nouadhibou,MR,20.931,-17.0347,66.2,82,0,19.57,['sand']
Chemal,RU,51.4111,86.005,47.7,90,95,0.87,['overcast clouds']
Port Moresby,PG,-9.4431,147.1797,78.33,80,67,3.89,['broken clouds']
Palu,ID,-0.8917,119.8707,74.68,95,100,0.92,['moderate rain']
Isangel,VU,-19.55,169.2667,80.33,79,100,17.07,['overcast clouds']
Gamba,GA,-2.65,10.0,77.5,89,96,5.57,['light rain']
Barguzin,RU,53.6167,109.6167,34.56,70,3,0.83,['clear sky']
Umtata,ZA,-31.5889,28.7844,55.38,81,44,4.81,['light rain']
Khash,IR,28.2211,61.2158,70.36,43,32,4.52,['scattered clouds']
Lahaina,US,20.8783,-156.6825,84.2,48,40,21.85,['scattered clouds']
Narsaq,GL,60.9167,-46.05,36.01,78,93,5.95,['overcast clouds']
Yanacancha,PE,-10.2411,-76.6456,46.08,76,97,5.32,['overcast clouds']
Amot,NO,59.5714,7.9877,35.01,92,13,5.06,['few clouds']
Sidney,AU,-33.8679,151.2073,62.6,88,20,9.22,['few clouds']
Mugur-Aksy,RU,50.35,90.5,42.04,90,100,6.33,['overcast clouds']
Carson City,US,39.1638,-119.7674,73.0,14,1,13.8,['clear sky']
Jishou,CN,28.3167,109.7167,63.99,96,100,1.43,['overcast clouds']
Nha Trang,VN,12.25,109.1833,78.8,89,20,3.44,['few clouds']
Ndjole,GA,-0.1783,10.7649,73.4,98,98,1.79,['moderate rain']
Poanas,MX,25.7667,-103.6167,95.0,20,75,5.75,['broken clouds']
Neiafu,TO,-18.65,-173.9833,78.8,83,75,13.8,['broken clouds']
Nazare,BR,-13.035,-39.0144,72.75,91,19,2.39,['few clouds']
Paita,PE,-5.0892,-81.1144,72.0,73,11,17.92,['few clouds']
Balsta,SE,59.5671,17.5278,37.0,86,0,4.61,['clear sky']
Vondrozo,MG,-22.8167,47.2833,60.1,84,65,3.0,['broken clouds']
Itoman,JP,26.1247,127.6694,77.0,100,75,13.8,['broken clouds']
Arinos,BR,-15.9169,-46.1056,75.58,55,38,4.5,['scattered clouds']
Niamey,NE,13.5137,2.1098,96.8,23,39,3.44,['dust']
Butka,RU,56.7179,63.7866,50.38,54,19,5.66,['few clouds']
Maltahohe,NA,-24.8333,16.9833,60.39,23,0,7.38,['clear sky']
Kangaatsiaq,GL,68.3065,-53.4641,31.21,79,7,8.48,['clear sky']
Lincoln,US,40.8,-96.667,70.0,30,90,6.91,['overcast clouds']
Chifeng,CN,42.2683,118.9636,45.55,33,19,22.86,['few clouds']
Havre-Saint-Pierre,CA,50.2334,-63.5986,39.2,93,90,11.5,['overcast clouds']
Jalu,LY,29.0331,21.5482,94.1,7,2,8.39,['clear sky']
Hualmay,PE,-11.0964,-77.6139,68.88,77,22,11.32,['few clouds']
Cajnice,BA,43.5575,19.0711,46.0,100,90,14.97,['overcast clouds']
Pemba,MZ,-12.974,40.5178,71.6,83,75,8.05,['broken clouds']
Amga,RU,60.8953,131.9608,41.25,84,81,1.63,['light rain']
Markala,ML,13.7021,-6.0659,88.97,43,85,16.62,['overcast clouds']
Arman,RU,59.7,150.1667,38.7,59,24,3.31,['few clouds']
Madang,PG,-5.2246,145.7966,79.05,90,55,2.17,['broken clouds']
Cap Malheureux,MU,-19.9842,57.6142,71.01,84,0,8.43,['clear sky']
Ponnani,IN,10.767,75.9252,77.0,88,75,2.3,['mist']
Tete,MZ,-16.1564,33.5867,66.0,77,0,2.42,['clear sky']
Trairi,BR,-3.2778,-39.2689,77.74,82,16,6.69,['few clouds']
Diourbel,SN,14.6628,-16.3925,86.0,39,100,6.91,['overcast clouds']
Wajima,JP,37.4,136.9,59.41,84,44,20.85,['scattered clouds']
Puerto Escondido,MX,15.85,-97.0667,86.0,66,40,8.05,['scattered clouds']
Varena,LT,54.2167,24.5667,35.01,93,90,2.3,['fog']
Carballo,ES,43.213,-8.691,59.0,84,18,1.01,['few clouds']
Libenge,CD,3.65,18.6333,70.52,98,91,3.56,['overcast clouds']
San Carlos Del Zulia,VE,9.0,-71.9135,82.54,73,71,5.95,['broken clouds']
Guasdualito,VE,7.2424,-70.7324,84.2,70,51,4.61,['broken clouds']
Kanker,IN,20.2719,81.4931,80.78,56,80,4.03,['broken clouds']
Progreso,MX,21.2833,-89.6667,91.4,43,40,9.22,['scattered clouds']
Labuhan,ID,-6.8844,112.2051,76.23,87,100,7.27,['heavy intensity rain']
Juneau,US,58.3019,-134.4197,48.2,76,90,10.36,['light rain']
Lasa,IT,46.6166,10.7002,60.8,44,0,3.44,['clear sky']
Zhangye,CN,38.9342,100.4517,59.67,10,3,6.2,['clear sky']
Verkhnevilyuysk,RU,63.4453,120.3167,36.99,89,99,3.74,['overcast clouds']
Marjamaa,EE,58.9039,24.4306,35.01,93,78,1.01,['broken clouds']
Mandalgovi,MN,45.7625,106.2708,40.8,61,99,4.88,['overcast clouds']
Cairns,AU,-16.9167,145.7667,71.6,78,30,10.36,['scattered clouds']
Lata,PT,40.1629,-8.3327,60.01,92,83,1.21,['broken clouds']
Severobaykalsk,RU,55.65,109.3167,30.54,73,2,3.0,['clear sky']
Emerald,AU,-23.5333,148.1667,55.4,67,0,5.75,['clear sky']
Port Lincoln,AU,-34.7333,135.8667,59.81,88,30,7.58,['scattered clouds']
Medea,DZ,36.2642,2.7539,62.6,63,0,2.3,['clear sky']
Kabale,UG,-1.2486,29.9899,57.38,96,95,2.3,['overcast clouds']
Sept-Iles,CA,50.2001,-66.3821,39.99,87,100,4.61,['overcast clouds']
Romitan,UZ,39.9343,64.3814,64.4,68,0,6.91,['clear sky']
Skibbereen,IE,51.55,-9.2667,44.6,93,90,24.16,['moderate rain']
Coolum Beach,AU,-26.5333,153.1,68.0,86,30,5.01,['scattered clouds']
Moram,IN,17.8,76.4667,85.87,40,79,2.44,['broken clouds']
Chacabuco,AR,-34.6417,-60.4739,54.0,66,54,1.99,['broken clouds']
Agrij,RO,47.0667,23.1333,48.2,93,75,3.44,['broken clouds']
Dolores,AR,-36.3132,-57.6792,50.63,77,4,4.34,['clear sky']
Union,US,40.6334,-74.2663,61.0,58,1,9.22,['clear sky']
Haifa,IL,32.8156,34.9892,66.92,81,0,0.87,['clear sky']
Llata,PE,-9.4167,-76.7833,55.13,81,92,5.41,['overcast clouds']
Umm Kaddadah,SD,13.6017,26.6876,81.82,42,48,11.45,['scattered clouds']
Gayny,RU,60.3071,54.3241,50.5,79,100,7.25,['overcast clouds']
Lalganj,IN,25.8667,85.1833,71.6,68,40,9.22,['haze']
Quelimane,MZ,-17.8786,36.8883,68.0,94,0,2.3,['clear sky']
Rongcheng,CN,30.634,117.8517,67.64,90,100,2.35,['overcast clouds']
Hamilton,US,39.1834,-84.5333,60.8,51,40,12.66,['scattered clouds']
Ingham,US,42.6,-84.3833,55.4,41,75,17.27,['broken clouds']
Arica,CL,-18.475,-70.3042,66.2,72,90,11.5,['overcast clouds']
Acarau,BR,-2.8856,-40.12,78.6,83,7,9.89,['clear sky']
Ayna,PE,-12.65,-73.9167,71.6,35,40,1.54,['light rain']
Vryburg,ZA,-26.9566,24.7284,59.45,53,22,7.49,['few clouds']
Savannakhet,LA,16.566,104.751,78.85,65,48,2.17,['scattered clouds']
Alvorada,BR,-12.48,-49.1247,80.19,55,75,3.42,['broken clouds']
Uray,RU,60.1247,64.7758,48.34,88,11,5.28,['few clouds']
Dong Hoi,VN,17.4833,106.6,75.7,86,37,1.57,['scattered clouds']
Luau,AO,-10.7073,22.2247,71.44,64,63,1.99,['broken clouds']
Pafos,CY,34.7667,32.4167,68.0,49,0,5.75,['clear sky']
Carlyle,US,38.6103,-89.3726,71.01,40,40,19.57,['scattered clouds']
Pangai,TO,-19.8,-174.35,78.8,69,40,26.46,['scattered clouds']
Kizilskoye,RU,52.7255,58.8937,53.17,47,100,2.86,['overcast clouds']
Khuzhir,RU,53.1939,107.3397,30.18,83,55,4.27,['broken clouds']
Floro,NO,61.5996,5.0328,41.0,70,20,10.36,['few clouds']
Manokwari,ID,-0.8667,134.0833,78.85,80,85,3.15,['overcast clouds']
Madaoua,NE,14.073,5.96,90.28,22,15,5.82,['few clouds']
Turayf,SA,31.6725,38.6637,71.6,33,0,11.5,['clear sky']
